district,province,illit_m,read_m,write_m,illit_f,read_f,write_f
Aguilar,Córdoba,9614,264,2081,10593,412,957
Alba de Tormes,Salamanca,5359,734,4240,8489,854,817
Albacete,Albacete,9031,362,2881,11196,372,1130
Albaida,Valencia,11562,390,2378,13202,624,580
Albarracín,Teruel,6743,391,3837,11757,292,449
Alberique,Valencia,6125,163,1158,6835,189,269
Albocázer,Castellón,9729,254,1400,10843,137,129
Alburquerque,Badajoz,7774,202,1820,8592,270,585
Albuñol,Granada,11268,323,2454,13942,348,624
Alcalá de Guadaira,Sevilla,9107,464,2060,9540,508,863
Alcalá de Henares,Madrid,10908,802,6814,12426,813,1991
Alcalá la Real,Jaén,11807,1181,1997,12916,942,979
Alcaraz,Albacete,13616,356,2439,15165,292,580
Alcañices,Zamora,9831,1107,4453,15554,145,160
Alcañiz,Teruel,7973,667,3167,10650,637,817
Alcira,Valencia,16919,312,2025,17834,365,434
Alcoy,Alicante,11386,360,2864,14056,306,897
Alcántara,Cáceres,7378,240,2558,8477,236,954
Alcázar de San Juan,Ciudad Real,14023,843,3587,17459,621,953
Alfaro,Logroño,2755,93,1626,3721,136,697
Algeciras,Cádiz,11819,373,4547,10256,647,2437
Alhama,Granada,7134,135,1130,7527,115,485
Aliaga,Teruel,5481,398,3531,9473,180,287
Alicante,Alicante,15060,546,5794,18755,711,2390
Allariz,Orense,10837,805,4452,16637,507,354
Almadén,Ciudad Real,5904,255,2594,7082,415,782
Almagro,Ciudad Real,8631,312,2539,10436,423,811
Almansa,Albacete,6371,214,2674,8239,254,1018
Almazán,Soria,5804,771,7749,12037,1429,789
Almendralejo,Badajoz,14875,580,3901,15251,909,1660
Almería,Almería,18585,479,5002,22439,571,2102
Almodóvar del Campo,Ciudad Real,10959,341,4027,11901,303,817
Almunia de Doña Godina,Zaragoza,14572,250,4234,17292,172,940
Amurrio,Álava,4416,582,5335,6904,1190,1394
Andújar,Jaén,14599,609,4033,16154,939,1539
Antequera,Málaga,14201,333,2970,15428,413,1422
Aoiz,Navarra,13897,1414,10783,18343,2722,3401
Aracena,Huelva,17185,835,6289,19818,1546,2339
Aranda de Duero,Burgos,6701,517,7951,11966,1421,1350
Archidona,Málaga,10637,301,1972,11138,408,822
Arcos,Cádiz,13052,545,3445,13142,804,1630
Arenas de San Pedro,Ávila,9110,504,3461,11105,763,777
Arenys de Mar,Barcelona,12395,401,5345,16355,663,1746
Arnedo,Logroño,5555,502,4248,9234,382,1072
Arzúa,Coruña,14023,1193,6682,24316,434,359
Arévalo,Ávila,6255,960,6847,10239,1785,1981
Astorga,León,10640,1568,10587,22857,939,1321
Astudillo,Palencia,5120,653,5194,8762,868,1055
Ateca,Zaragoza,11883,442,4136,15119,299,651
Atienza,Guadalajara,6481,550,5153,10246,625,540
Avilés,Oviedo,6310,836,5375,13581,1331,1976
Ayamonte,Huelva,7950,237,2500,9314,569,1135
Ayora,Valencia,6819,153,1108,7485,160,301
Azpeitia,Guipuzcoa,12236,2731,3672,12472,4035,1680
Badajoz,Badajoz,9442,567,4544,8602,555,2168
Baena,Córdoba,8271,214,1591,8739,343,748
Baeza,Jaén,15202,507,4021,17168,716,1383
Balaguer,Lérida,24613,1448,6209,27677,501,918
Baltanás,Palencia,4408,621,4934,8370,621,695
Bande,Orense,8546,749,3167,14479,215,188
Barbastro,Huesca,12412,491,5200,15692,406,1146
Barcelona,Barcelona,65593,3991,62378,99643,5537,26593
Barco de Ávila,Ávila,5730,861,2359,8189,569,419
Baza,Granada,13785,158,2273,15207,147,665
Becerrea,Lugo,11089,323,5726,17101,132,246
Belchite,Zaragoza,7263,331,2029,9218,143,325
Belmonte,Cuenca,10513,678,4287,14186,833,999
Belmonte (Asturias),Oviedo,7999,942,6124,17491,545,594
Belorado,Burgos,3934,549,5173,6876,1462,1060
Benabarre,Huesca,13653,306,2915,15648,77,335
Benavente,Zamora,8152,1114,8655,15417,1150,1358
Berga,Barcelona,13736,813,4528,17527,454,969
Berja,Almería,17417,194,2259,19184,94,782
Bermillo de Sayago,Zamora,8074,1215,5440,12789,1388,939
Betanzos,Coruña,15272,919,6180,24310,324,943
Bilbao,Vizcaya,11872,1174,10388,17589,2216,6175
Boltaña,Huesca,11360,600,4575,15530,131,291
Borja,Zaragoza,11274,272,2985,12706,213,902
Bribiesca,Burgos,6300,714,7271,11600,1542,1285
Brihuega,Guadalajara,7276,500,5130,10537,655,989
Bujalance,Córdoba,5325,238,2219,7208,321,666
Burgo de Osma,Soria,6747,993,10593,14435,2298,1217
Burgos,Burgos,12438,2222,18631,21877,4243,5021
Béjar,Salamanca,10392,1242,5781,15200,1083,1648
Cabra,Córdoba,8439,333,1891,9332,381,850
Cabuérniga,Santander,1469,267,2582,3646,797,1359
Calahorra,Logroño,4549,125,2419,6350,204,775
Calamocha,Teruel,6416,455,2541,9067,175,357
Calatayud,Zaragoza,15963,490,4014,18617,288,1244
Caldas,Pontevedra,8836,917,6870,21355,368,504
Callosa de Ensarriá,Alicante,13658,457,1726,14969,402,393
Cambados,Pontevedra,11370,783,5136,21791,399,1019
Campillos,Málaga,10767,198,2401,11720,288,1015
Cangas de Onís,Oviedo,6740,658,6419,14818,918,954
Cangas de Tineo,Oviedo,13247,1052,9158,26875,335,551
Canjáyar,Almería,12301,699,3543,15483,581,901
Caravaca,Murcia,15636,389,2630,17634,459,765
Carballino,Orense,13892,876,5721,22156,371,348
Carballo,Coruña,13618,671,4804,23100,304,303
Carlet,Valencia,9034,269,1491,9948,337,309
Carmona,Sevilla,9483,262,2754,9242,398,1726
Carrión de los Condes,Palencia,4327,779,6822,7436,2173,1701
Cartagena,Murcia,26986,1001,9721,27196,861,3412
Casas-Ibáñez,Albacete,9995,335,3270,12915,434,745
Caspe,Zaragoza,11216,341,2749,13741,267,385
Castellote,Teruel,9096,429,3095,12499,313,439
Castellón,Castellón,14811,543,2948,17176,413,1012
Castro del Río,Córdoba,5612,285,1597,6911,287,525
Castro-Urdiales,Santander,2385,218,2228,4051,340,958
Castrojeriz,Burgos,4797,683,6853,9174,1603,1358
Castropol,Oviedo,10348,860,7840,20971,1072,2039
Castuera,Badajoz,12217,673,3320,14765,850,936
Cazalla de la Sierra,Sevilla,12110,1108,2690,11531,933,1376
Cazorla,Jaén,9006,228,3235,9048,167,2548
Cañete,Cuenca,8917,566,3780,12342,364,336
Cebreros,Ávila,7860,602,3919,9834,889,606
Celanova,Orense,11982,902,5814,20089,530,368
Cervera,Lérida,14496,879,6357,19536,605,1220
Cervera de Pisuerga,Palencia,5093,1122,9493,12598,1737,1586
Cervera de Río Alhama,Logroño,3202,243,2537,5414,321,732
Chantada,Lugo,15035,1025,6920,24790,289,407
Chelva,Valencia,10019,524,2478,12143,273,354
Chiclana,Cádiz,9724,342,2028,9150,744,1489
Chinchilla,Albacete,10163,303,2275,11896,208,616
Chinchón,Madrid,13905,666,6542,16629,889,1801
Chiva,Valencia,9810,322,2405,11030,247,524
Cieza,Murcia,11713,319,2254,14085,345,599
Cifuentes,Guadalajara,4419,468,4379,7777,656,400
Ciudad Real,Ciudad Real,8835,394,4291,11365,577,1483
Ciudad-Rodrigo,Salamanca,12750,1465,7394,18284,1295,1295
Cocentaina,Alicante,10799,319,1859,12038,315,386
Cogolludo,Guadalajara,5173,362,4188,7265,756,701
Colmenar,Málaga,13747,469,1747,13339,338,378
Colmenar Viejo,Madrid,8665,361,6117,9201,546,1678
Corcubión,Coruña,8990,565,4045,17220,369,836
Coria,Cáceres,5510,439,3812,7835,1004,838
Coruña,Coruña,20300,1116,10171,28730,1210,4208
Coín,Málaga,11208,211,994,11998,319,523
Cuenca,Cuenca,10660,874,7138,15438,1414,1739
Cuéllar,Segovia,7519,849,6513,11578,1504,1032
Cáceres,Cáceres,10387,557,5421,13507,885,1373
Cádiz,Cádiz,15228,1239,20679,18606,1883,13886
Córdoba,Córdoba,14767,962,6692,16472,1436,4456
Daimiel,Ciudad Real,8083,167,2216,9863,195,658
Daroca,Zaragoza,11738,430,4251,15290,197,700
Dolores,Alicante,12814,433,1903,14280,561,573
Don Benito,Badajoz,10105,510,2249,11160,682,745
Durango,Vizcaya,10718,1289,5337,13454,1354,1951
Dénia,Alicante,15715,556,2192,16853,761,754
Ejea de los Caballeros,Zaragoza,8597,190,2484,9966,79,605
Elche,Alicante,12398,219,2023,14124,276,870
Enguera,Valencia,10246,346,1688,11399,386,598
Entrambas-Aguas,Santander,4552,799,7789,11408,1245,1907
Escalona,Toledo,6436,301,3222,7795,503,826
Estella,Navarra,14814,2475,14437,20935,5819,5346
Estepa,Sevilla,10975,670,2362,12229,838,888
Estepona,Málaga,6168,125,1144,7143,337,775
Falset,Tarragona,14594,871,4895,18808,664,1316
Ferrol,Coruña,16455,1084,7943,25187,1046,3362
Figueres,Girona,19233,698,12798,29339,431,2977
Fonsagrada,Lugo,9645,125,6877,18107,27,140
Fraga,Huesca,10714,372,2679,12611,213,430
Frechilla,Palencia,5206,885,7489,9693,1995,2204
Frenegal de la Sierra,Badajoz,10246,547,2885,11298,729,1175
Fuente Ovejuna,Córdoba,6829,440,1581,7209,387,573
Fuente de Cantos,Badajoz,10814,633,2931,11305,829,1063
Fuentesaúco,Zamora,5150,1065,4633,8584,1011,960
Gandesa,Tarragona,12764,516,3195,15761,305,581
Gandia,Valencia,15403,358,2185,17293,502,564
Garrovillas,Cáceres,6081,320,2673,7908,454,592
Gaucín,Málaga,8350,281,1473,9467,485,658
Getafe,Madrid,7403,472,5289,8863,566,1645
Gijón,Oviedo,7073,1857,5450,8333,2919,5222
Ginzo de Limia,Orense,10789,692,3902,15404,281,200
Girona,Girona,22057,952,11219,29704,660,2473
Granada,Granada,32753,1423,14257,40767,1418,7740
Granadilla,Cáceres,9176,675,3457,10782,833,865
Grandas de Salime,Oviedo,5160,301,3597,9530,60,201
Granollers,Barcelona,13519,618,5927,16914,385,979
Grazalema,Cádiz,5816,272,1516,8437,447,864
Guadalajara,Guadalajara,6164,319,5205,7859,662,1725
Guadix,Granada,16909,793,3681,19599,642,1129
Guernica,Vizcaya,10746,845,5992,16252,1572,2270
Gérgal,Almería,12382,458,2628,15527,578,643
Haro,Logroño,6417,503,6512,9076,1033,3354
Hellín,Albacete,8872,224,2039,10129,319,696
Herrera del Duque,Badajoz,6694,287,2336,8304,408,447
Hinojosa del Duque,Córdoba,6625,1273,2197,9148,781,659
Hoyos,Cáceres,7178,336,2828,9738,405,548
Huelma,Jaén,7480,168,1409,7843,241,405
Huelva,Huelva,11150,502,3679,11494,705,1935
Huesca,Huesca,16142,933,7811,20464,458,1789
Huete,Cuenca,7573,412,3083,9628,521,598
Huércal-Overa,Almería,12081,224,1779,15155,427,424
Huéscar,Granada,9885,143,1757,11102,205,550
Híjar,Teruel,8638,397,2319,10888,249,454
Ibiza,Baleares,10154,83,916,11819,126,394
Igualada,Barcelona,18464,558,6594,22824,370,1562
Illescas,Toledo,7179,803,4888,9807,865,1233
Inca,Baleares,23354,305,3535,27127,157,502
Infiesto,Oviedo,6617,1154,5423,13705,1263,791
Iznalloz,Granada,9125,386,1780,9577,318,462
Jaca,Huesca,10330,646,8891,18029,153,721
Jarandilla,Cáceres,7231,430,2582,8449,667,472
Jaén,Jaén,12046,614,3968,13495,1026,1853
Jijona,Alicante,8631,243,1611,9607,283,503
Játiva,Valencia,11498,458,2694,13578,525,910
Jérez,Cádiz,19383,756,8322,17782,1270,4645
Jérez de los Caballeros,Badajoz,10925,435,2946,11307,573,1224
La Bañeza,León,9199,1384,10403,18861,1350,980
La Bisbal,Girona,14696,967,8284,21598,576,2855
La Carolina,Jaén,12618,336,3375,12084,599,974
La Cañiza,Pontevedra,6222,388,5544,14259,650,366
La Rambla,Córdoba,8387,474,2557,9541,742,1052
La Roda,Albacete,12054,414,3469,14722,521,1128
La Vecilla,León,3399,605,5311,10040,1200,697
La-Palma,Huelva,8676,307,1809,8769,444,865
Laguardia,Álava,4605,628,5903,6843,1482,2160
Lalín,Pontevedra,14674,1005,8997,27390,414,491
Laredo,Santander,2385,459,2983,5545,411,1207
Laviana,Oviedo,10288,2179,6616,16384,2831,1417
Ledesma,Salamanca,6848,920,5986,10605,1242,1069
Lena,Oviedo,6915,1287,5290,11863,1844,855
Lerma,Burgos,6040,584,8418,12318,1197,1108
León,León,7888,1335,11805,16738,2028,2670
Lillo,Toledo,7312,315,2464,9450,419,645
Liria,Valencia,10731,299,1714,12010,344,387
Llanes,Oviedo,5511,766,6116,12313,1536,1468
Llerena,Badajoz,13207,1013,3958,14981,984,1376
Logrosan,Cáceres,7584,539,3065,9259,710,613
Logroño,Logroño,9169,685,7900,13737,1005,3223
Loja,Granada,12860,240,1936,13534,214,788
Lora del Río,Sevilla,8425,602,2837,8393,1016,1011
Lorca,Murcia,22228,996,4194,25986,919,1845
Luarca,Oviedo,7275,850,5625,16989,783,1029
Lucena,Castellón,13708,467,2295,16028,216,259
Lucena (Córdoba),Córdoba,9095,266,2028,10183,344,1244
Lugo,Lugo,17278,1390,12409,32361,980,1652
Lérida,Lérida,31015,1473,9433,38435,1108,2155
Madrid,Madrid,53901,5110,99599,89092,10339,56020
Madridejos,Toledo,7832,338,2156,9586,533,496
Mahón,Baleares,13077,779,5720,14534,848,2304
Manacor,Baleares,22272,568,4212,25839,282,672
Mancha Real,Jaén,9457,301,1921,10395,360,607
Manresa,Barcelona,19881,514,7384,24820,326,1542
Manzanares,Ciudad Real,8682,447,2828,11360,452,566
Marbella,Málaga,9097,158,1485,9204,258,631
Marchena,Sevilla,11850,526,2454,12044,699,1427
Marquina,Vizcaya,5387,774,1924,6260,1152,826
Martos,Jaén,17832,711,3270,19122,955,1074
Mataró,Barcelona,11922,631,7106,18798,519,2916
Medina Sidonia,Cádiz,10257,372,2160,9612,726,1562
Medina del Campo,Valladolid,5829,586,4798,8779,917,1606
Medina del Rioseco,Valladolid,6768,558,7412,11364,975,2116
Medinaceli,Soria,3887,384,4279,6747,697,398
Miranda de Ebro,Burgos,3216,559,4957,4618,1486,1402
Moguer,Huelva,9545,212,2300,9432,359,1605
Molina,Guadalajara,6849,720,8466,15214,1792,1159
Moncada,Valencia,10706,548,2110,12480,630,352
Mondoñedo,Lugo,13444,869,6187,24318,439,1079
Monforte,Lugo,12782,1018,7311,21116,781,742
Monovar,Alicante,8197,501,1727,9581,484,619
Montblanc,Tarragona,12944,536,3559,15559,355,687
Montefrío,Granada,7060,129,1041,7568,135,274
Montilla,Córdoba,5784,358,1427,6606,221,617
Montoro,Córdoba,9327,413,2464,11665,384,770
Montánchez,Cáceres,6364,488,3271,8277,911,885
Mora de Rubielos,Teruel,10417,515,3618,13932,262,459
Morella,Castellón,9233,619,2860,11775,440,410
Morón,Sevilla,15153,474,3280,15493,832,1563
Motilla del Palancar,Cuenca,12784,677,5360,16896,709,1161
Motril,Granada,17904,236,2681,19524,225,1045
Mula,Murcia,15088,287,2575,17132,317,608
Murcia,Murcia,40105,1220,9919,48860,1267,3838
Murias de Paredes,León,3491,863,5959,11551,912,701
Muros,Coruña,6376,329,4028,13889,171,444
Murviedro,Valencia,12342,752,2893,13731,799,805
Málaga,Málaga,37490,1305,15677,45697,1206,8613
Mérida,Badajoz,12560,678,3905,13934,762,1480
Nava del Rey,Valladolid,6039,438,3301,8274,516,973
Navahermosa,Toledo,10168,433,3061,11548,551,699
Navalcarnero,Madrid,5548,219,3145,5894,340,1053
Navalmoral de la Mata,Cáceres,8142,626,3343,9441,835,598
Negreira,Coruña,8152,424,3987,17381,362,261
Novelda,Alicante,9579,277,1671,11185,264,497
Noya,Coruña,11457,591,5570,21162,359,707
Nules,Castellón,10917,574,1775,12202,361,405
Nájera,Logroño,4404,390,7146,9005,1250,2485
Ocaña,Toledo,10129,484,3496,10998,739,1071
Olivenza,Badajoz,9137,440,2830,9074,675,1317
Olmedo,Valladolid,7336,726,5788,10857,875,1403
Olot,Girona,17396,472,5467,21508,331,1134
Olvera,Cádiz,11295,233,1467,11342,394,582
Onteniente,Valencia,8901,341,1858,10274,325,577
Orense,Orense,16198,2179,8540,26307,1482,1527
Orgaz,Toledo,9844,437,3840,11682,527,1415
Orgiva,Granada,14152,453,3243,16427,593,891
Orihuela,Alicante,14982,474,3122,17260,603,1817
Ortigueira,Coruña,9734,627,2959,19315,144,354
Osuna,Sevilla,10767,350,2972,12376,538,1459
Oviedo,Oviedo,18795,4288,13809,32947,4492,3619
Padrón,Coruña,6752,908,4685,15467,1382,947
Palencia,Palencia,7193,763,8456,12347,1337,2582
Palma de Mallorca,Baleares,34357,1161,12639,46146,1315,4621
Pamplona,Navarra,30419,2802,19258,39044,5271,8656
Pastrana,Guadalajara,7788,516,3635,9789,560,740
Pego,Alicante,7873,308,721,8314,213,151
Peñafiel,Valladolid,5102,644,4695,8141,897,617
Peñaranda de Bracamonte,Salamanca,6868,808,5569,10515,1242,1440
Piedrabuena,Ciudad Real,6239,226,1840,6798,240,416
Piedrahita,Ávila,8365,1667,6015,13757,1555,1014
Pina,Zaragoza,8338,231,2792,10466,209,546
Plasencia,Cáceres,9268,896,4409,11291,1357,1341
Ponferrada,León,13438,1222,7433,22481,254,712
Pontevedra,Pontevedra,15350,1121,8591,31084,578,1494
Posadas,Córdoba,8922,452,2309,8923,586,740
Potes,Santander,1613,526,3727,4257,1345,763
Pozoblanco,Córdoba,10042,753,2673,11932,603,915
Pravia,Oviedo,9383,1096,7396,19142,1384,1596
Priego,Cuenca,5782,461,3998,8854,679,553
Priego de Córdoba,Córdoba,10111,127,1272,11026,151,628
Puebla de Alcocer,Badajoz,6007,719,2533,7800,786,577
Puebla de Sanabria,Zamora,8342,706,6816,17816,189,538
Puebla de Trives,Orense,8205,633,4150,14897,265,226
Puente del Arzobispo,Toledo,10452,1056,4735,12853,1411,1104
Puente-Caldelas,Pontevedra,5684,272,4647,13996,310,435
Puentedeume,Coruña,10252,1136,3388,17023,653,610
Puenteáreas,Pontevedra,8291,661,7557,20390,258,555
Puerto de Santa María,Cádiz,10566,379,4597,10106,583,2739
Purchena,Almería,14220,478,2943,18023,575,659
Quintanar de la Orden,Toledo,9009,616,2742,11416,420,892
Quiroga,Lugo,8766,454,2920,12687,67,133
Ramales,Santander,1983,262,2801,5101,135,550
Redondela,Pontevedra,6144,490,3476,14595,224,278
Reinosa,Santander,3596,742,7359,8617,1948,1892
Requena,Valencia,9099,294,3172,11586,286,761
Reus,Tarragona,14918,836,7913,22706,821,2515
Riaza,Segovia,3716,469,4426,6935,867,640
Riaño,León,2530,677,5710,7519,2021,1014
Ribadavia,Orense,7898,645,4763,14602,391,619
Ribadeo,Lugo,6288,130,4113,12510,131,876
Ribas,Girona,9661,746,4247,14187,409,1156
Roa,Burgos,3939,296,4758,7356,510,625
Ronda,Málaga,15252,512,3025,16901,821,1630
Rute,Córdoba,8488,476,1461,10602,264,518
Sacedón,Guadalajara,4599,219,2764,6460,344,507
Sahagún,León,4358,792,7665,7729,2461,2137
Salamanca,Salamanca,8628,1048,11422,15009,2411,3754
Salas de los Infantes,Burgos,4554,1012,7283,11603,1532,1242
Saldaña,Palencia,4716,1071,9229,10814,2224,1583
San Clemente,Cuenca,9392,511,3605,12536,604,953
San Fernando,Cádiz,12617,368,7224,10974,562,3594
San Martín de Valdeiglesias,Madrid,4770,245,2101,5400,287,529
San Mateo,Castellón,9094,595,1490,10365,328,310
San Roque,Cádiz,10144,295,2098,10124,410,1239
San Sebastián,Guipuzcoa,14893,1763,5554,15750,3157,3688
San Vicente de la Barquera,Santander,2752,470,4648,7160,1241,1494
Sanlúcar de Barrameda,Cádiz,9667,259,3143,9977,449,1984
Sanlúcar la Mayor,Sevilla,12145,644,3914,12419,855,1699
Sant Feliu de Llobregat,Barcelona,15055,807,6437,19792,336,1247
Santa Coloma de Farnés,Girona,19898,666,6326,23681,479,1877
Santa María de Nieva,Segovia,5466,934,7307,9054,2222,2121
Santafé,Granada,10353,475,2476,11933,404,853
Santander,Santander,7541,1824,11416,14670,2214,4868
Santiago,Coruña,10328,930,7691,20430,1275,3184
Santo Domingo de la Calzada,Logroño,3482,421,4760,5749,875,1987
Sariñena,Huesca,9165,451,2725,10420,246,476
Sarria,Lugo,11109,417,6940,19626,285,443
Sedano,Burgos,2449,349,3900,6160,597,467
Segorbe,Castellón,9837,405,2427,11459,309,668
Segovia,Segovia,8336,1176,13230,14625,3109,3702
Segura,Teruel,8600,469,3691,12117,149,293
Segura de la Sierra,Jaén,9507,139,1167,9992,169,267
Seo de Urgel,Lérida,11577,436,3703,15127,150,410
Sepúlveda,Segovia,5938,853,7512,12197,1336,1126
Sequeros,Salamanca,8437,902,5492,13275,767,956
Sevilla,Sevilla,44739,2212,30271,53710,3578,16863
Sigüenza,Guadalajara,7258,521,5903,9930,883,850
Solsona,Lérida,11821,491,3149,13639,246,478
Sorbas,Almería,10532,228,1286,11713,159,243
Soria,Soria,7433,1282,11420,17229,2801,2975
Sort,Lérida,7804,397,2851,10956,165,203
Sos,Zaragoza,7497,440,3083,9771,303,702
Sueca,Valencia,13281,775,2244,14542,752,501
Tabeiros,Pontevedra,8597,625,5783,18853,796,345
Tafalla,Navarra,10401,1252,7520,12916,2330,3403
Talavera de la Reina,Toledo,12563,827,5677,15181,1149,1732
Tamarite,Huesca,9976,406,2525,11974,187,525
Tarancón,Cuenca,9748,412,3422,11909,711,918
Tarazona,Zaragoza,6953,159,1929,8464,171,577
Tarragona,Tarragona,10124,636,5644,12660,604,2056
Tarrasa,Barcelona,16783,728,8852,23064,356,1836
Teruel,Teruel,8705,515,4906,12629,345,940
Toledo,Toledo,9139,741,7280,11285,976,2613
Tolosa,Guipuzcoa,12794,2174,5317,14676,3619,2350
Tordesillas,Valladolid,5484,555,6476,9182,1008,2207
Toro,Zamora,6921,508,7253,11410,1038,2494
Torrecilla de Cameros,Logroño,2418,245,3465,5034,452,2037
Torrelaguna,Madrid,6333,745,4309,8041,623,697
Torrelavega,Santander,4694,753,7481,11237,1319,2713
Torrente,Valencia,13234,936,2578,15403,777,654
Torrijos,Toledo,10630,442,4741,13723,679,1172
Torrox,Málaga,12189,394,2736,13113,409,1221
Tortosa,Tarragona,27330,831,6402,31970,810,1621
Totana,Murcia,11049,318,1913,12456,227,766
Tremp,Lérida,12763,338,3174,14814,134,355
Trujillo,Cáceres,9302,1036,4535,12083,1072,1162
Tudela,Navarra,13473,785,6710,17076,1262,2690
Tuy,Pontevedra,10711,747,9928,26111,710,1557
Ugíjar,Granada,11122,382,2152,12839,382,759
Utrera,Sevilla,14965,369,2773,14612,328,1532
Valdeorras,Orense,8118,485,4831,13080,219,543
Valdepeñas,Ciudad Real,10982,219,3498,12872,453,1049
Valderrobres,Teruel,7259,285,2485,9402,323,403
Valencia,Valencia,39093,4562,27352,57712,5810,12945
Valencia de Alcántara,Cáceres,5662,218,1705,6686,281,326
Valencia de Don Juan,León,6193,1109,8724,11132,2578,1835
Valladolid,Valladolid,12436,1167,16015,19795,1957,5986
Valls,Tarragona,12255,734,4707,15913,542,1300
Valmaseda,Vizcaya,8306,769,6192,11846,1121,2784
Valoria la Buena,Valladolid,3922,491,4715,7224,607,825
Valverde del Camino,Huelva,9792,1575,5130,13656,1840,1128
Vendrell,Tarragona,10541,458,3280,12815,215,819
Vera,Almería,19031,347,2512,23526,375,760
Vergara,Guipuzcoa,12523,2048,5523,14377,2752,2763
Verín,Orense,12264,570,2779,16789,63,277
Viana del Bollo,Orense,5872,443,3389,10272,147,217
Vich,Barcelona,17951,1485,10218,23921,1486,2687
Viella,Lérida,2947,284,2342,5424,92,183
Vigo,Pontevedra,12601,977,8006,24954,751,1952
Villacarriedo,Santander,4009,533,6129,10409,698,1486
Villacarrillo,Jaén,13521,382,2712,14299,472,764
Villadiego,Burgos,3335,464,4608,6518,1273,590
Villafranca del Bierzo,León,12818,1278,5930,20414,165,633
Villafranca del Penedés,Barcelona,16660,856,7289,21692,583,2406
Villajoyosa,Alicante,8340,358,1363,10794,404,517
Villalba,Lugo,11062,830,5238,18762,242,404
Villalpando,Zamora,5753,855,6658,10200,1423,1598
Villalón de Campos,Valladolid,5323,861,8026,9916,1732,2741
Villanueva de la Serena,Badajoz,8463,593,2101,10276,405,572
Villanueva de los Infantes,Ciudad Real,9639,285,2446,11405,343,561
Villar del Arzobispo,Valencia,5784,290,1247,6406,211,243
Villarcayo,Burgos,8384,1545,13826,21176,1876,2430
Villareal,Castellón,9233,720,1514,11097,404,328
Villaviciosa,Oviedo,6291,1181,5261,11816,2327,1118
Villena,Alicante,7691,364,1662,9142,308,573
Vinaroz,Castellón,10311,135,2329,13056,226,702
Vitigudino,Salamanca,10914,1286,7233,15954,1776,1685
Vitoria,Álava,9778,2048,17408,14588,6075,6595
Viver,Castellón,10400,333,2586,11953,191,390
Vivero,Lugo,9109,1186,3758,17651,898,1321
Vélez-Málaga,Málaga,17076,348,3407,18583,412,1276
Vélez-Rubio,Almería,9051,176,1926,10947,236,582
Yecla,Murcia,8807,247,2371,10230,298,741
Yeste,Albacete,9692,139,1427,10408,127,374
Zafra,Badajoz,11024,575,3714,11911,897,1621
Zamora,Zamora,8877,1291,9641,15026,1663,3142
Zaragoza,Zaragoza,25060,1575,18192,32972,1623,7005
Ágreda,Soria,5323,798,5556,11082,1213,1183
Álora,Málaga,12791,255,1481,12878,213,804
Ávila,Ávila,11292,1492,7877,16471,2013,1631
Écija,Sevilla,13315,417,4007,15155,736,2004
Órdenes,Coruña,11337,407,2682,16346,52,71
Úbeda,Jaén,12579,299,3314,13565,524,1331
